cip_id,cip_label,cip_type,cip_header,cip_category,cip_subclass
01.0000,"Agriculture, General.",main,01,00,00
01.0101,"Agricultural Business and Management, General.",main,01,01,01
01.0102,Agribusiness/Agricultural Business Operations.,main,01,01,02
01.0103,Agricultural Economics.,main,01,01,03
01.0104,Farm/Farm and Ranch Management.,main,01,01,04
01.0105,Agricultural/Farm Supplies Retailing and Wholesaling.,main,01,01,05
01.0106,Agricultural Business Technology.,main,01,01,06
01.0201,"Agricultural Mechanization, General.",main,01,02,01
01.0204,Agricultural Power Machinery Operation.,main,01,02,04
01.0205,Agricultural Mechanics and Equipment/Machine Technology.,main,01,02,05
01.0301,"Agricultural Production Operations, General.",main,01,03,01
01.0302,Animal/Livestock Husbandry and Production.,main,01,03,02
01.0303,Aquaculture.,main,01,03,03
01.0304,Crop Production.,main,01,03,04
01.0306,Dairy Husbandry and Production.,main,01,03,06
01.0307,Horse Husbandry/Equine Science and Management.,main,01,03,07
01.0308,Agroecology and Sustainable Agriculture.,main,01,03,08
01.0309,Viticulture and Enology.,main,01,03,09
01.0401,Agricultural and Food Products Processing.,main,01,04,01
01.0504,Dog/Pet/Animal Grooming.,main,01,05,04
01.0505,Animal Training.,main,01,05,05
01.0507,Equestrian/Equine Studies.,main,01,05,07
01.0508,Taxidermy/Taxidermist.,main,01,05,08
01.0601,"Applied Horticulture/Horticulture Operations, General.",main,01,06,01
01.0603,Ornamental Horticulture.,main,01,06,03
01.0604,Greenhouse Operations and Management.,main,01,06,04
01.0605,Landscaping and Groundskeeping.,main,01,06,05
01.0606,Plant Nursery Operations and Management.,main,01,06,06
01.0607,Turf and Turfgrass Management.,main,01,06,07
01.0608,Floriculture/Floristry Operations and Management.,main,01,06,08
01.0701,International Agriculture.,main,01,07,01
01.0801,Agricultural and Extension Education Services.,main,01,08,01
01.0802,Agricultural Communication/Journalism.,main,01,08,02
01.0901,"Animal Sciences, General.",main,01,09,01
01.0902,Agricultural Animal Breeding.,main,01,09,02
01.0903,Animal Health.,main,01,09,03
01.0904,Animal Nutrition.,main,01,09,04
01.0905,Dairy Science.,main,01,09,05
01.0906,Livestock Management.,main,01,09,06
01.0907,Poultry Science.,main,01,09,07
01.1001,Food Science.,main,01,10,01
01.1002,Food Technology and Processing.,main,01,10,02
01.1101,"Plant Sciences, General.",main,01,11,01
01.1102,Agronomy and Crop Science.,main,01,11,02
01.1103,Horticultural Science.,main,01,11,03
01.1104,Agricultural and Horticultural Plant Breeding.,main,01,11,04
01.1105,Plant Protection and Integrated Pest Management.,main,01,11,05
01.1106,Range Science and Management.,main,01,11,06
01.1201,"Soil Science and Agronomy, General.",main,01,12,01
01.1202,Soil Chemistry and Physics.,main,01,12,02
01.1203,Soil Microbiology.,main,01,12,03
03.0101,"Natural Resources/Conservation, General.",main,03,01,01
03.0103,Environmental Studies.,main,03,01,03
03.0104,Environmental Science.,main,03,01,04
03.0201,Natural Resources Management and Policy.,main,03,02,01
03.0204,Natural Resource Economics.,main,03,02,04
03.0205,"Water, Wetlands, and Marine Resources Management.",main,03,02,05
03.0206,Land Use Planning and Management/Development.,main,03,02,06
03.0207,Natural Resource Recreation and Tourism.,main,03,02,07
03.0208,Natural Resources Law Enforcement and Protective Services.,main,03,02,08
03.0301,Fishing and Fisheries Sciences and Management.,main,03,03,01
03.0501,"Forestry, General.",main,03,05,01
03.0502,Forest Sciences and Biology.,main,03,05,02
03.0506,Forest Management/Forest Resources Management.,main,03,05,06
03.0508,Urban Forestry.,main,03,05,08
03.0509,Wood Science and Wood Products/Pulp and Paper Technology.,main,03,05,09
03.0510,Forest Resources Production and Management.,main,03,05,10
03.0511,Forest Technology/Technician.,main,03,05,11
03.0601,Wildlife and Wildlands Science and Management.,main,03,06,01
04.0201,"Architecture (BArch, BA/BS, MArch, MA/MS, PhD).",main,04,02,01
04.0301,"City/Urban, Community and Regional Planning.",main,04,03,01
04.0401,Environmental Design/Architecture.,main,04,04,01
04.0501,Interior Architecture.,main,04,05,01
04.0601,"Landscape Architecture (BS, BSLA, BLA, MSLA, MLA, PhD).",main,04,06,01
04.0801,"Architectural History and Criticism, General.",main,04,08,01
04.0901,Architectural Technology/Technician.,main,04,09,01
04.0902,Architectural and Building Sciences/Technology.,main,04,09,02
04.1001,Real Estate Development.,main,04,10,01
05.0101,African Studies.,main,05,01,01
05.0102,American/United States Studies/Civilization.,main,05,01,02
05.0103,Asian Studies/Civilization.,main,05,01,03
05.0104,East Asian Studies.,main,05,01,04
05.0105,Central/Middle and Eastern European Studies.,main,05,01,05
05.0106,European Studies/Civilization.,main,05,01,06
05.0107,Latin American Studies.,main,05,01,07
05.0108,Near and Middle Eastern Studies.,main,05,01,08
05.0109,Pacific Area/Pacific Rim Studies.,main,05,01,09
05.0110,Russian Studies.,main,05,01,10
05.0111,Scandinavian Studies.,main,05,01,11
05.0112,South Asian Studies.,main,05,01,12
05.0113,Southeast Asian Studies.,main,05,01,13
05.0114,Western European Studies.,main,05,01,14
05.0115,Canadian Studies.,main,05,01,15
05.0116,Balkans Studies.,main,05,01,16
05.0117,Baltic Studies.,main,05,01,17
05.0118,Slavic Studies.,main,05,01,18
05.0119,Caribbean Studies.,main,05,01,19
05.0120,Ural-Altaic and Central Asian Studies.,main,05,01,20
05.0121,Commonwealth Studies.,main,05,01,21
05.0122,"Regional Studies (U.S., Canadian, Foreign)",main,05,01,22
05.0123,Chinese Studies.,main,05,01,23
05.0124,French Studies.,main,05,01,24
05.0125,German Studies.,main,05,01,25
05.0126,Italian Studies.,main,05,01,26
05.0127,Japanese Studies.,main,05,01,27
05.0128,Korean Studies.,main,05,01,28
05.0129,Polish Studies.,main,05,01,29
05.0130,Spanish and Iberian Studies.,main,05,01,30
05.0131,Tibetan Studies.,main,05,01,31
05.0132,Ukraine Studies.,main,05,01,32
05.0133,Irish Studies.,main,05,01,33
05.0134,Latin American and Caribbean Studies.,main,05,01,34
05.0200,Ethnic Studies.,main,05,02,00
05.0201,African-American/Black Studies.,main,05,02,01
05.0202,American Indian/Native American Studies.,main,05,02,02
05.0203,"Hispanic-American, Puerto Rican, and Mexican-American/Chicano Studies.",main,05,02,03
05.0206,Asian-American Studies.,main,05,02,06
05.0207,Women's Studies.,main,05,02,07
05.0208,Gay/Lesbian Studies.,main,05,02,08
05.0209,Folklore Studies.,main,05,02,09
05.0210,Disability Studies.,main,05,02,10
05.0211,Deaf Studies.,main,05,02,11
09.0100,"Communication, General.",main,09,01,00
09.0101,Communication Studies/Speech Communication and Rhetoric.,main,09,01,01
09.0102,Mass Communication/Media Studies.,main,09,01,02
09.0401,Journalism.,main,09,04,01
09.0402,Broadcast Journalism.,main,09,04,02
09.0404,Photojournalism.,main,09,04,04
09.0701,Radio and Television.,main,09,07,01
09.0702,Digital Communication and Media/Multimedia.,main,09,07,02
09.0900,"Public Relations, Advertising, and Applied Communication.",main,09,09,00
09.0901,"Organizational Communication, General.",main,09,09,01
09.0902,Public Relations/Image Management.,main,09,09,02
09.0903,Advertising.,main,09,09,03
09.0904,Political Communication.,main,09,09,04
09.0905,Health Communication.,main,09,09,05
09.0906,Sports Communication.,main,09,09,06
09.0907,International and Intercultural Communication.,main,09,09,07
09.0908,Technical and Scientific Communication.,main,09,09,08
09.1001,Publishing.,main,09,10,01
10.0105,Communications Technology/Technician.,main,10,01,05
10.0201,Photographic and Film/Video Technology/Technician and Assistant.,main,10,02,01
10.0202,Radio and Television Broadcasting Technology/Technician.,main,10,02,02
10.0203,Recording Arts Technology/Technician.,main,10,02,03
10.0301,"Graphic Communications, General.",main,10,03,01
10.0302,Printing Management.,main,10,03,02
10.0303,Prepress/Desktop Publishing and Digital Imaging Design.,main,10,03,03
10.0304,"Animation, Interactive Technology, Video Graphics and Special Effects.",main,10,03,04
10.0305,"Graphic and Printing Equipment Operator, General Production.",main,10,03,05
10.0306,Platemaker/Imager.,main,10,03,06
10.0307,Printing Press Operator.,main,10,03,07
10.0308,Computer Typography and Composition Equipment Operator.,main,10,03,08
11.0101,"Computer and Information Sciences, General.",main,11,01,01
11.0102,Artificial Intelligence and Robotics.,main,11,01,02
11.0103,Information Technology.,main,11,01,03
11.0104,Informatics.,main,11,01,04
11.0201,"Computer Programming/Programmer, General.",main,11,02,01
11.0202,"Computer Programming, Specific Applications.",main,11,02,02
11.0203,"Computer Programming, Vendor/Product Certification.",main,11,02,03
11.0301,Data Processing and Data Processing Technology/Technician.,main,11,03,01
11.0401,Information Science/Studies.,main,11,04,01
11.0501,Computer Systems Analysis/Analyst.,main,11,05,01
11.0601,"Data Entry/Microcomputer Applications, General.",main,11,06,01
11.0602,Word Processing.,main,11,06,02
11.0701,Computer Science.,main,11,07,01
11.0801,"Web Page, Digital/Multimedia and Information Resources Design.",main,11,08,01
11.0802,Data Modeling/Warehousing and Database Administration.,main,11,08,02
11.0803,Computer Graphics.,main,11,08,03
11.0804,"Modeling, Virtual Environments and Simulation.",main,11,08,04
11.0901,Computer Systems Networking and Telecommunications.,main,11,09,01
11.1001,System Administration/Administrator.,main,11,10,01
11.1002,"System, Networking, and LAN/WAN Management/Manager.",main,11,10,02
11.1003,Computer and Information Systems Security.,main,11,10,03
11.1004,Web/Multimedia Management and Webmaster.,main,11,10,04
11.1005,Information Technology Project Management.,main,11,10,05
11.1006,Computer Support Specialist.,main,11,10,06
12.0301,"Funeral Service and Mortuary Science, General.",main,12,03,01
12.0302,Funeral Direction/Service.,main,12,03,02
12.0303,Mortuary Science and Embalming/Embalmer.,main,12,03,03
12.0401,"Cosmetology/Cosmetologist, General.",main,12,04,01
12.0402,Barbering/Barber.,main,12,04,02
12.0404,Electrolysis/Electrology and Electrolysis Technician.,main,12,04,04
12.0406,Make-Up Artist/Specialist.,main,12,04,06
12.0407,Hair Styling/Stylist and Hair Design.,main,12,04,07
12.0408,Facial Treatment Specialist/Facialist.,main,12,04,08
12.0409,Aesthetician/Esthetician and Skin Care Specialist.,main,12,04,09
12.0410,Nail Technician/Specialist and Manicurist.,main,12,04,10
12.0411,Permanent Cosmetics/Makeup and Tattooing.,main,12,04,11
12.0412,Salon/Beauty Salon Management/Manager.,main,12,04,12
12.0413,"Cosmetology, Barber/Styling, and Nail Instructor.",main,12,04,13
12.0414,Master Aesthetician/Esthetician.,main,12,04,14
12.0500,"Cooking and Related Culinary Arts, General.",main,12,05,00
12.0501,Baking and Pastry Arts/Baker/Pastry Chef.,main,12,05,01
12.0502,Bartending/Bartender.,main,12,05,02
12.0503,Culinary Arts/Chef Training.,main,12,05,03
12.0504,"Restaurant, Culinary, and Catering Management/Manager.",main,12,05,04
12.0505,Food Preparation/Professional Cooking/Kitchen Assistant.,main,12,05,05
12.0506,Meat Cutting/Meat Cutter.,main,12,05,06
12.0507,"Food Service, Waiter/Waitress, and Dining Room Management/Manager.",main,12,05,07
12.0508,Institutional Food Workers.,main,12,05,08
12.0509,Culinary Science/Culinology.,main,12,05,09
12.0510,Wine Steward/Sommelier.,main,12,05,10
13.0101,"Education, General.",main,13,01,01
13.0201,Bilingual and Multilingual Education.,main,13,02,01
13.0202,Multicultural Education.,main,13,02,02
13.0203,Indian/Native American Education.,main,13,02,03
13.0301,Curriculum and Instruction.,main,13,03,01
13.0401,"Educational Leadership and Administration, General.",main,13,04,01
13.0402,Administration of Special Education.,main,13,04,02
13.0403,Adult and Continuing Education Administration.,main,13,04,03
13.0404,"Educational, Instructional, and Curriculum Supervision.",main,13,04,04
13.0406,Higher Education/Higher Education Administration.,main,13,04,06
13.0407,Community College Education.,main,13,04,07
13.0408,Elementary and Middle School Administration/Principalship.,main,13,04,08
13.0409,Secondary School Administration/Principalship.,main,13,04,09
13.0410,Urban Education and Leadership.,main,13,04,10
13.0411,Superintendency and Educational System Administration.,main,13,04,11
13.0501,Educational/Instructional Media Design.,main,13,05,01
13.0601,Educational Evaluation and Research.,main,13,06,01
13.0603,Educational Statistics and Research Methods.,main,13,06,03
13.0604,"Educational Assessment, Testing, and Measurement.",main,13,06,04
13.0607,Learning Sciences.,main,13,06,07
13.0701,International and Comparative Education.,main,13,07,01
13.0901,Social and Philosophical Foundations of Education.,main,13,09,01
13.1001,"Special Education and Teaching, General.",main,13,10,01
13.1003,Education/Teaching of Individuals with Hearing Impairments Including Deafness.,main,13,10,03
13.1004,Education/Teaching of the Gifted and Talented.,main,13,10,04
13.1005,Education/Teaching of Individuals with Emotional Disturbances.,main,13,10,05
13.1006,Education/Teaching of Individuals with Mental Retardation.,main,13,10,06
13.1007,Education/Teaching of Individuals with Multiple Disabilities.,main,13,10,07
13.1008,Education/Teaching of Individuals with Orthopedic and Other Physical Health Impairments.,main,13,10,08
13.1009,Education/Teaching of Individuals with Vision Impairments Including Blindness.,main,13,10,09
13.1011,Education/Teaching of Individuals with Specific Learning Disabilities.,main,13,10,11
13.1012,Education/Teaching of Individuals with Speech or Language Impairments.,main,13,10,12
13.1013,Education/Teaching of Individuals with Autism.,main,13,10,13
13.1014,Education/Teaching of Individuals Who are Developmentally Delayed.,main,13,10,14
13.1015,Education/Teaching of Individuals in Early Childhood Special Education Programs.,main,13,10,15
13.1016,Education/Teaching of Individuals with Traumatic Brain Injuries.,main,13,10,16
13.1017,Education/Teaching of Individuals in Elementary Special Education Programs.,main,13,10,17
13.1018,Education/Teaching of Individuals in Junior High/Middle School Special Education Programs.,main,13,10,18
13.1019,Education/Teaching of Individuals in Secondary Special Education Programs.,main,13,10,19
13.1101,Counselor Education/School Counseling and Guidance Services.,main,13,11,01
13.1102,College Student Counseling and Personnel Services.,main,13,11,02
13.1201,Adult and Continuing Education and Teaching.,main,13,12,01
13.1202,Elementary Education and Teaching.,main,13,12,02
13.1203,Junior High/Intermediate/Middle School Education and Teaching.,main,13,12,03
13.1205,Secondary Education and Teaching.,main,13,12,05
13.1206,"Teacher Education, Multiple Levels.",main,13,12,06
13.1207,Montessori Teacher Education.,main,13,12,07
13.1208,Waldorf/Steiner Teacher Education.,main,13,12,08
13.1209,Kindergarten/Preschool Education and Teaching.,main,13,12,09
13.1210,Early Childhood Education and Teaching.,main,13,12,10
13.1301,Agricultural Teacher Education.,main,13,13,01
13.1302,Art Teacher Education.,main,13,13,02
13.1303,Business Teacher Education.,main,13,13,03
13.1304,Driver and Safety Teacher Education.,main,13,13,04
13.1305,English/Language Arts Teacher Education.,main,13,13,05
13.1306,Foreign Language Teacher Education.,main,13,13,06
13.1307,Health Teacher Education.,main,13,13,07
13.1308,Family and Consumer Sciences/Home Economics Teacher Education.,main,13,13,08
13.1309,Technology Teacher Education/Industrial Arts Teacher Education.,main,13,13,09
13.1310,Sales and Marketing Operations/Marketing and Distribution Teacher Education.,main,13,13,10
13.1311,Mathematics Teacher Education.,main,13,13,11
13.1312,Music Teacher Education.,main,13,13,12
13.1314,Physical Education Teaching and Coaching.,main,13,13,14
13.1315,Reading Teacher Education.,main,13,13,15
13.1316,Science Teacher Education/General Science Teacher Education.,main,13,13,16
13.1317,Social Science Teacher Education.,main,13,13,17
13.1318,Social Studies Teacher Education.,main,13,13,18
13.1319,Technical Teacher Education.,main,13,13,19
13.1320,Trade and Industrial Teacher Education.,main,13,13,20
13.1321,Computer Teacher Education.,main,13,13,21
13.1322,Biology Teacher Education.,main,13,13,22
13.1323,Chemistry Teacher Education.,main,13,13,23
13.1324,Drama and Dance Teacher Education.,main,13,13,24
13.1325,French Language Teacher Education.,main,13,13,25
13.1326,German Language Teacher Education.,main,13,13,26
13.1327,Health Occupations Teacher Education.,main,13,13,27
13.1328,History Teacher Education.,main,13,13,28
13.1329,Physics Teacher Education.,main,13,13,29
13.1330,Spanish Language Teacher Education.,main,13,13,30
13.1331,Speech Teacher Education.,main,13,13,31
13.1332,Geography Teacher Education.,main,13,13,32
13.1333,Latin Teacher Education.,main,13,13,33
13.1334,School Librarian/School Library Media Specialist.,main,13,13,34
13.1335,Psychology Teacher Education.,main,13,13,35
13.1337,Earth Science Teacher Education.,main,13,13,37
13.1338,Environmental Education.,main,13,13,38
13.1401,Teaching English as a Second or Foreign Language/ESL Language Instructor.,main,13,14,01
13.1402,Teaching French as a Second or Foreign Language.,main,13,14,02
13.1501,Teacher Assistant/Aide.,main,13,15,01
13.1502,Adult Literacy Tutor/Instructor.,main,13,15,02
14.0101,"Engineering, General.",main,14,01,01
14.0102,Pre-Engineering.,main,14,01,02
14.0201,"Aerospace, Aeronautical and Astronautical Engineering.",main,14,02,01
14.0301,Agricultural/Biological Engineering and Bioengineering.,main,14,03,01
14.0401,Architectural Engineering.,main,14,04,01
14.0501,Biomedical/Medical Engineering.,main,14,05,01
14.0601,Ceramic Sciences and Engineering.,main,14,06,01
14.0701,Chemical Engineering.,main,14,07,01
14.0702,Chemical and Biomolecular Engineering.,main,14,07,02
14.0801,"Civil Engineering, General.",main,14,08,01
14.0802,Geotechnical Engineering.,main,14,08,02
14.0803,Structural Engineering.,main,14,08,03
14.0804,Transportation and Highway Engineering.,main,14,08,04
14.0805,Water Resources Engineering.,main,14,08,05
14.0901,"Computer Engineering, General.",main,14,09,01
14.0902,Computer Hardware Engineering.,main,14,09,02
14.0903,Computer Software Engineering.,main,14,09,03
14.1001,"Electrical, Electronics and Communications Engineering.",main,14,10,01
14.1003,Laser and Optical Engineering.,main,14,10,03
14.1004,Telecommunications Engineering.,main,14,10,04
14.1101,Engineering Mechanics.,main,14,11,01
14.1201,Engineering Physics.,main,14,12,01
14.1301,Engineering Science.,main,14,13,01
14.1401,Environmental/Environmental Health Engineering.,main,14,14,01
14.1801,Materials Engineering.,main,14,18,01
14.1901,Mechanical Engineering.,main,14,19,01
14.2001,Metallurgical Engineering.,main,14,20,01
14.2101,Mining and Mineral Engineering.,main,14,21,01
14.2201,Naval Architecture and Marine Engineering.,main,14,22,01
14.2301,Nuclear Engineering.,main,14,23,01
14.2401,Ocean Engineering.,main,14,24,01
14.2501,Petroleum Engineering.,main,14,25,01
14.2701,Systems Engineering.,main,14,27,01
14.2801,Textile Sciences and Engineering.,main,14,28,01
14.3201,Polymer/Plastics Engineering.,main,14,32,01
14.3301,Construction Engineering.,main,14,33,01
14.3401,Forest Engineering.,main,14,34,01
14.3501,Industrial Engineering.,main,14,35,01
14.3601,Manufacturing Engineering.,main,14,36,01
14.3701,Operations Research.,main,14,37,01
14.3801,Surveying Engineering.,main,14,38,01
14.3901,Geological/Geophysical Engineering.,main,14,39,01
14.4001,Paper Science and Engineering.,main,14,40,01
14.4101,Electromechanical Engineering.,main,14,41,01
14.4201,"Mechatronics, Robotics, and Automation Engineering.",main,14,42,01
14.4301,Biochemical Engineering.,main,14,43,01
14.4401,Engineering Chemistry.,main,14,44,01
14.4501,Biological/Biosystems Engineering.,main,14,45,01
15.0000,"Engineering Technology, General.",main,15,00,00
15.0101,Architectural Engineering Technology/Technician.,main,15,01,01
15.0201,Civil Engineering Technology/Technician.,main,15,02,01
15.0303,"Electrical, Electronic and Communications Engineering Technology/Technician.",main,15,03,03
15.0304,Laser and Optical Technology/Technician.,main,15,03,04
15.0305,Telecommunications Technology/Technician.,main,15,03,05
15.0306,Integrated Circuit Design.,main,15,03,06
15.0401,Biomedical Technology/Technician.,main,15,04,01
15.0403,Electromechanical Technology/Electromechanical Engineering Technology.,main,15,04,03
15.0404,Instrumentation Technology/Technician.,main,15,04,04
15.0405,Robotics Technology/Technician.,main,15,04,05
15.0406,Automation Engineer Technology/Technician.,main,15,04,06
15.0501,"Heating, Air Conditioning and Refrigeration Technology/Technician (ACH/ACR/ACHR/HRAC/HVAC/AC Technology).",main,15,05,01
15.0503,Energy Management and Systems Technology/Technician.,main,15,05,03
15.0505,Solar Energy Technology/Technician.,main,15,05,05
15.0506,Water Quality and Wastewater Treatment Management and Recycling Technology/Technician.,main,15,05,06
15.0507,Environmental Engineering Technology/Environmental Technology.,main,15,05,07
15.0508,Hazardous Materials Management and Waste Technology/Technician.,main,15,05,08
15.0607,Plastics Engineering Technology/Technician.,main,15,06,07
15.0611,Metallurgical Technology/Technician.,main,15,06,11
15.0612,Industrial Technology/Technician.,main,15,06,12
15.0613,Manufacturing Technology/Technician.,main,15,06,13
15.0614,Welding Engineering Technology/Technician.,main,15,06,14
15.0615,Chemical Engineering Technology/Technician.,main,15,06,15
15.0616,Semiconductor Manufacturing Technology.,main,15,06,16
15.0701,Occupational Safety and Health Technology/Technician.,main,15,07,01
15.0702,Quality Control Technology/Technician.,main,15,07,02
15.0703,Industrial Safety Technology/Technician.,main,15,07,03
15.0704,Hazardous Materials Information Systems Technology/Technician.,main,15,07,04
15.0801,Aeronautical/Aerospace Engineering Technology/Technician.,main,15,08,01
15.0803,Automotive Engineering Technology/Technician.,main,15,08,03
15.0805,Mechanical Engineering/Mechanical Technology/Technician.,main,15,08,05
15.0901,Mining Technology/Technician.,main,15,09,01
15.0903,Petroleum Technology/Technician.,main,15,09,03
15.1001,Construction Engineering Technology/Technician.,main,15,10,01
15.1102,Surveying Technology/Surveying.,main,15,11,02
15.1103,Hydraulics and Fluid Power Technology/Technician.,main,15,11,03
15.1201,Computer Engineering Technology/Technician.,main,15,12,01
15.1202,Computer Technology/Computer Systems Technology.,main,15,12,02
15.1203,Computer Hardware Technology/Technician.,main,15,12,03
15.1204,Computer Software Technology/Technician.,main,15,12,04
15.1301,"Drafting and Design Technology/Technician, General.",main,15,13,01
15.1302,CAD/CADD Drafting and/or Design Technology/Technician.,main,15,13,02
15.1303,Architectural Drafting and Architectural CAD/CADD.,main,15,13,03
15.1304,Civil Drafting and Civil Engineering CAD/CADD.,main,15,13,04
15.1305,Electrical/Electronics Drafting and Electrical/Electronics CAD/CADD.,main,15,13,05
15.1306,Mechanical Drafting and Mechanical Drafting CAD/CADD.,main,15,13,06
15.1401,Nuclear Engineering Technology/Technician.,main,15,14,01
15.1501,Engineering/Industrial Management.,main,15,15,01
15.1502,Engineering Design.,main,15,15,02
15.1503,Packaging Science.,main,15,15,03
15.1601,Nanotechnology.,main,15,16,01
16.0101,"Foreign Languages and Literatures, General.",main,16,01,01
16.0102,Linguistics.,main,16,01,02
16.0103,Language Interpretation and Translation.,main,16,01,03
16.0104,Comparative Literature.,main,16,01,04
16.0105,Applied Linguistics.,main,16,01,05
16.0201,"African Languages, Literatures, and Linguistics.",main,16,02,01
16.0300,"East Asian Languages, Literatures, and Linguistics, General.",main,16,03,00
16.0301,Chinese Language and Literature.,main,16,03,01
16.0302,Japanese Language and Literature.,main,16,03,02
16.0303,Korean Language and Literature.,main,16,03,03
16.0304,Tibetan Language and Literature.,main,16,03,04
16.0400,"Slavic Languages, Literatures, and Linguistics, General.",main,16,04,00
16.0401,"Baltic Languages, Literatures, and Linguistics.",main,16,04,01
16.0402,Russian Language and Literature.,main,16,04,02
16.0404,Albanian Language and Literature.,main,16,04,04
16.0405,Bulgarian Language and Literature.,main,16,04,05
16.0406,Czech Language and Literature.,main,16,04,06
16.0407,Polish Language and Literature.,main,16,04,07
16.0408,"Serbian, Croatian, and Serbo-Croatian Languages and Literatures.",main,16,04,08
16.0409,Slovak Language and Literature.,main,16,04,09
16.0410,Ukrainian Language and Literature.,main,16,04,10
16.0500,"Germanic Languages, Literatures, and Linguistics, General.",main,16,05,00
16.0501,German Language and Literature.,main,16,05,01
16.0502,"Scandinavian Languages, Literatures, and Linguistics.",main,16,05,02
16.0503,Danish Language and Literature.,main,16,05,03
16.0504,Dutch/Flemish Language and Literature.,main,16,05,04
16.0505,Norwegian Language and Literature.,main,16,05,05
16.0506,Swedish Language and Literature.,main,16,05,06
16.0601,Modern Greek Language and Literature.,main,16,06,01
16.0700,"South Asian Languages, Literatures, and Linguistics, General.",main,16,07,00
16.0701,Hindi Language and Literature.,main,16,07,01
16.0702,"Sanskrit and Classical Indian Languages, Literatures, and Linguistics.",main,16,07,02
16.0704,Bengali Language and Literature.,main,16,07,04
16.0705,Punjabi Language and Literature.,main,16,07,05
16.0706,Tamil Language and Literature.,main,16,07,06
16.0707,Urdu Language and Literature.,main,16,07,07
16.0801,"Iranian/Persian Languages, Literatures, and Linguistics.",main,16,08,01
16.0900,"Romance Languages, Literatures, and Linguistics, General.",main,16,09,00
16.0901,French Language and Literature.,main,16,09,01
16.0902,Italian Language and Literature.,main,16,09,02
16.0904,Portuguese Language and Literature.,main,16,09,04
16.0905,Spanish Language and Literature.,main,16,09,05
16.0906,Romanian Language and Literature.,main,16,09,06
16.0907,Catalan Language and Literature.,main,16,09,07
16.0908,"Hispanic and Latin American Languages, Literatures, and Linguistics, General.",main,16,09,08
16.1001,"American Indian/Native American Languages, Literatures, and Linguistics.",main,16,10,01
16.1100,"Semitic Languages, Literatures, and Linguistics, General.",main,16,11,00
16.1101,Arabic Language and Literature.,main,16,11,01
16.1102,Hebrew Language and Literature.,main,16,11,02
16.1103,"Ancient Near Eastern and Biblical Languages, Literatures, and Linguistics.",main,16,11,03
16.1200,"Classics and Classical Languages, Literatures, and Linguistics, General.",main,16,12,00
16.1202,Ancient/Classical Greek Language and Literature.,main,16,12,02
16.1203,Latin Language and Literature.,main,16,12,03
16.1301,"Celtic Languages, Literatures, and Linguistics.",main,16,13,01
16.1400,"Southeast Asian Languages, Literatures, and Linguistics, General.",main,16,14,00
16.1401,"Australian/Oceanic/Pacific Languages, Literatures, and Linguistics.",main,16,14,01
16.1402,Bahasa Indonesian/Bahasa Malay Languages and Literatures.,main,16,14,02
16.1403,Burmese Language and Literature.,main,16,14,03
16.1404,Filipino/Tagalog Language and Literature.,main,16,14,04
16.1405,Khmer/Cambodian Language and Literature.,main,16,14,05
16.1406,Lao/Laotian Language and Literature.,main,16,14,06
16.1407,Thai Language and Literature.,main,16,14,07
16.1408,Vietnamese Language and Literature.,main,16,14,08
16.1501,Turkish Language and Literature.,main,16,15,01
16.1502,"Finnish and Related Languages, Literatures, and Linguistics.",main,16,15,02
16.1503,Hungarian/Magyar Language and Literature.,main,16,15,03
16.1504,Mongolian Language and Literature.,main,16,15,04
16.1601,American Sign Language (ASL).,main,16,16,01
16.1602,Linguistics of ASL and Other Sign Languages.,main,16,16,02
16.1603,Sign Language Interpretation and Translation.,main,16,16,03
19.0000,Work and Family Studies.,main,19,00,00
19.0101,"Family and Consumer Sciences/Human Sciences, General.",main,19,01,01
19.0201,Business Family and Consumer Sciences/Human Sciences.,main,19,02,01
19.0202,Family and Consumer Sciences/Human Sciences Communication.,main,19,02,02
19.0203,Consumer Merchandising/Retailing Management.,main,19,02,03
19.0401,"Family Resource Management Studies, General.",main,19,04,01
19.0402,Consumer Economics.,main,19,04,02
19.0403,Consumer Services and Advocacy.,main,19,04,03
19.0501,"Foods, Nutrition, and Wellness Studies, General.",main,19,05,01
19.0504,Human Nutrition.,main,19,05,04
19.0505,Foodservice Systems Administration/Management.,main,19,05,05
19.0601,"Housing and Human Environments, General.",main,19,06,01
19.0604,Facilities Planning and Management.,main,19,06,04
19.0605,Home Furnishings and Equipment Installers.,main,19,06,05
19.0701,"Human Development and Family Studies, General.",main,19,07,01
19.0702,Adult Development and Aging.,main,19,07,02
19.0704,Family Systems.,main,19,07,04
19.0706,Child Development.,main,19,07,06
19.0707,Family and Community Services.,main,19,07,07
19.0708,Child Care and Support Services Management.,main,19,07,08
19.0709,Child Care Provider/Assistant.,main,19,07,09
19.0710,Developmental Services Worker.,main,19,07,10
19.0901,"Apparel and Textiles, General.",main,19,09,01
19.0902,Apparel and Textile Manufacture.,main,19,09,02
19.0904,Textile Science.,main,19,09,04
19.0905,Apparel and Textile Marketing Management.,main,19,09,05
19.0906,Fashion and Fabric Consultant.,main,19,09,06
22.0000,"Legal Studies, General.",main,22,00,00
22.0001,Pre-Law Studies.,main,22,00,01
22.0101,"Law (LL.B., J.D.)",main,22,01,01
22.0201,"Advanced Legal Research/Studies, General (LL.M., M.C.L., M.L.I., M.S.L., J.S.D./S.J.D.)",main,22,02,01
22.0202,"Programs for Foreign Lawyers (LL.M., M.C.L.)",main,22,02,02
22.0203,"American/U.S. Law/Legal Studies/Jurisprudence (LL.M., M.C.J., J.S.D./S.J.D.)",main,22,02,03
22.0204,"Canadian Law/Legal Studies/Jurisprudence (LL.M., M.C.J., J.S.D./S.J.D.)",main,22,02,04
22.0205,"Banking, Corporate, Finance, and Securities Law (LL.M., J.S.D./S.J.D.)",main,22,02,05
22.0206,"Comparative Law (LL.M., M.C.L., J.S.D./S.J.D.)",main,22,02,06
22.0207,"Energy, Environment, and Natural Resources Law (LL.M., M.S., J.S.D./S.J.D.)",main,22,02,07
22.0208,"Health Law (LL.M., M.J., J.S.D./S.J.D.)",main,22,02,08
22.0209,"International Law and Legal Studies (LL.M., J.S.D./S.J.D.)",main,22,02,09
22.0210,"International Business, Trade, and Tax Law (LL.M., J.S.D./S.J.D.)",main,22,02,10
22.0211,"Tax Law/Taxation (LL.M, J.S.D./S.J.D.)",main,22,02,11
22.0212,Intellectual Property Law.,main,22,02,12
22.0301,Legal Administrative Assistant/Secretary.,main,22,03,01
22.0302,Legal Assistant/Paralegal.,main,22,03,02
22.0303,Court Reporting/Court Reporter.,main,22,03,03
23.0101,"English Language and Literature, General.",main,23,01,01
23.1301,"Writing, General.",main,23,13,01
23.1302,Creative Writing.,main,23,13,02
23.1303,Technical and Business Writing.,main,23,13,03
23.1304,Rhetoric and Composition.,main,23,13,04
23.1401,General Literature.,main,23,14,01
23.1402,American Literature (United States).,main,23,14,02
23.1403,American Literature (Canadian).,main,23,14,03
23.1404,English Literature (British and Commonwealth).,main,23,14,04
23.1405,Children's and Adolescent Literature.,main,23,14,05
24.0101,Liberal Arts and Sciences/Liberal Studies.,main,24,01,01
24.0102,General Studies.,main,24,01,02
24.0103,Humanities/Humanistic Studies.,main,24,01,03
25.0101,Library Science/Librarianship.,main,25,01,01
25.0102,Children and Youth Library Services.,main,25,01,02
25.0103,Archives/Archival Administration.,main,25,01,03
25.0301,Library Assistant/Technician.,main,25,03,01
26.0101,"Biology/Biological Sciences, General.",main,26,01,01
26.0102,"Biomedical Sciences, General.",main,26,01,02
26.0202,Biochemistry.,main,26,02,02
26.0203,Biophysics.,main,26,02,03
26.0204,Molecular Biology.,main,26,02,04
26.0205,Molecular Biochemistry.,main,26,02,05
26.0206,Molecular Biophysics.,main,26,02,06
26.0207,Structural Biology.,main,26,02,07
26.0208,Photobiology.,main,26,02,08
26.0209,Radiation Biology/Radiobiology.,main,26,02,09
26.0210,Biochemistry/Biophysics and Molecular Biology.,main,26,02,10
26.0301,Botany/Plant Biology.,main,26,03,01
26.0305,Plant Pathology/Phytopathology.,main,26,03,05
26.0307,Plant Physiology.,main,26,03,07
26.0308,Plant Molecular Biology.,main,26,03,08
26.0401,Cell/Cellular Biology and Histology.,main,26,04,01
26.0403,Anatomy.,main,26,04,03
26.0404,Developmental Biology and Embryology.,main,26,04,04
26.0406,Cell/Cellular and Molecular Biology.,main,26,04,06
26.0407,Cell Biology and Anatomy.,main,26,04,07
26.0502,"Microbiology, General.",main,26,05,02
26.0503,Medical Microbiology and Bacteriology.,main,26,05,03
26.0504,Virology.,main,26,05,04
26.0505,Parasitology.,main,26,05,05
26.0506,Mycology.,main,26,05,06
26.0507,Immunology.,main,26,05,07
26.0508,Microbiology and Immunology.,main,26,05,08
26.0701,Zoology/Animal Biology.,main,26,07,01
26.0702,Entomology.,main,26,07,02
26.0707,Animal Physiology.,main,26,07,07
26.0708,Animal Behavior and Ethology.,main,26,07,08
26.0709,Wildlife Biology.,main,26,07,09
26.0801,"Genetics, General.",main,26,08,01
26.0802,Molecular Genetics.,main,26,08,02
26.0803,Microbial and Eukaryotic Genetics.,main,26,08,03
26.0804,Animal Genetics.,main,26,08,04
26.0805,Plant Genetics.,main,26,08,05
26.0806,Human/Medical Genetics.,main,26,08,06
26.0807,Genome Sciences/Genomics.,main,26,08,07
26.0901,"Physiology, General.",main,26,09,01
26.0902,Molecular Physiology.,main,26,09,02
26.0903,Cell Physiology.,main,26,09,03
26.0904,Endocrinology.,main,26,09,04
26.0905,Reproductive Biology.,main,26,09,05
26.0907,Cardiovascular Science.,main,26,09,07
26.0908,Exercise Physiology.,main,26,09,08
26.0909,Vision Science/Physiological Optics.,main,26,09,09
26.0910,Pathology/Experimental Pathology.,main,26,09,10
26.0911,Oncology and Cancer Biology.,main,26,09,11
26.0912,Aerospace Physiology and Medicine.,main,26,09,12
26.1001,Pharmacology.,main,26,10,01
26.1002,Molecular Pharmacology.,main,26,10,02
26.1003,Neuropharmacology.,main,26,10,03
26.1004,Toxicology.,main,26,10,04
26.1005,Molecular Toxicology.,main,26,10,05
26.1006,Environmental Toxicology.,main,26,10,06
26.1007,Pharmacology and Toxicology.,main,26,10,07
26.1101,Biometry/Biometrics.,main,26,11,01
26.1102,Biostatistics.,main,26,11,02
26.1103,Bioinformatics.,main,26,11,03
26.1104,Computational Biology.,main,26,11,04
26.1201,Biotechnology.,main,26,12,01
26.1301,Ecology.,main,26,13,01
26.1302,Marine Biology and Biological Oceanography.,main,26,13,02
26.1303,Evolutionary Biology.,main,26,13,03
26.1304,Aquatic Biology/Limnology.,main,26,13,04
26.1305,Environmental Biology.,main,26,13,05
26.1306,Population Biology.,main,26,13,06
26.1307,Conservation Biology.,main,26,13,07
26.1308,Systematic Biology/Biological Systematics.,main,26,13,08
26.1309,Epidemiology.,main,26,13,09
26.1310,Ecology and Evolutionary Biology.,main,26,13,10
26.1401,Molecular Medicine.,main,26,14,01
26.1501,Neuroscience.,main,26,15,01
26.1502,Neuroanatomy.,main,26,15,02
26.1503,Neurobiology and Neurophysiology.,main,26,15,03
26.1504,Neurobiology and Behavior.,main,26,15,04
27.0101,"Mathematics, General.",main,27,01,01
27.0102,Algebra and Number Theory.,main,27,01,02
27.0103,Analysis and Functional Analysis.,main,27,01,03
27.0104,Geometry/Geometric Analysis.,main,27,01,04
27.0105,Topology and Foundations.,main,27,01,05
27.0301,Applied Mathematics.,main,27,03,01
27.0303,Computational Mathematics.,main,27,03,03
27.0304,Computational and Applied Mathematics.,main,27,03,04
27.0305,Financial Mathematics.,main,27,03,05
27.0306,Mathematical Biology.,main,27,03,06
27.0501,"Statistics, General.",main,27,05,01
27.0502,Mathematical Statistics and Probability.,main,27,05,02
27.0503,Mathematics and Statistics.,main,27,05,03
28.0101,Air Force JROTC/ROTC.,main,28,01,01
28.0301,Army JROTC/ROTC.,main,28,03,01
28.0401,Navy/Marine Corps JROTC/ROTC.,main,28,04,01
28.0501,Air Science/Airpower Studies.,main,28,05,01
28.0502,Air and Space Operational Art and Science.,main,28,05,02
28.0503,Military Operational Art and Science/Studies.,main,28,05,03
28.0504,Advanced Military and Operational Studies.,main,28,05,04
28.0505,Naval Science and Operational Studies.,main,28,05,05
28.0506,"Special, Irregular and Counterterrorist Operations.",main,28,05,06
28.0601,"Strategic Studies, General.",main,28,06,01
28.0602,Military and Strategic Leadership.,main,28,06,02
28.0603,Military and International Operational Law.,main,28,06,03
28.0604,Joint Operations Planning and Strategy.,main,28,06,04
28.0605,Weapons of Mass Destruction.,main,28,06,05
28.0701,National Resource Strategy and Policy.,main,28,07,01
28.0702,Industry Studies.,main,28,07,02
28.0703,Military Installation Management.,main,28,07,03
29.0201,"Intelligence, General.",main,29,02,01
29.0202,Strategic Intelligence.,main,29,02,02
29.0203,Signal/Geospatial Intelligence.,main,29,02,03
29.0204,"Command & Control (C3, C4I) Systems and Operations.",main,29,02,04
29.0205,Information Operations/Joint Information Operations.,main,29,02,05
29.0206,Information/Psychological Warfare and Military Media Relations.,main,29,02,06
29.0207,Cyber/Electronic Operations and Warfare.,main,29,02,07
29.0301,Combat Systems Engineering.,main,29,03,01
29.0302,Directed Energy Systems.,main,29,03,02
29.0303,Engineering Acoustics.,main,29,03,03
29.0304,Low-Observables and Stealth Technology.,main,29,03,04
29.0305,Space Systems Operations.,main,29,03,05
29.0306,Operational Oceanography.,main,29,03,06
29.0307,Undersea Warfare.,main,29,03,07
29.0401,Aerospace Ground Equipment Technology.,main,29,04,01
29.0402,Air and Space Operations Technology.,main,29,04,02
29.0403,Aircraft Armament Systems Technology.,main,29,04,03
29.0404,Explosive Ordinance/Bomb Disposal.,main,29,04,04
29.0405,"Joint Command/Task Force (C3, C4I) Systems.",main,29,04,05
29.0406,Military Information Systems Technology.,main,29,04,06
29.0407,Missile and Space Systems Technology.,main,29,04,07
29.0408,Munitions Systems/Ordinance Technology.,main,29,04,08
29.0409,Radar Communications and Systems Technology.,main,29,04,09
30.0000,"Multi-/Interdisciplinary Studies, General.",main,30,00,00
30.0101,Biological and Physical Sciences.,main,30,01,01
30.0501,Peace Studies and Conflict Resolution.,main,30,05,01
30.0601,Systems Science and Theory.,main,30,06,01
30.0801,Mathematics and Computer Science.,main,30,08,01
30.1001,Biopsychology.,main,30,10,01
30.1101,Gerontology.,main,30,11,01
30.1201,Historic Preservation and Conservation.,main,30,12,01
30.1202,Cultural Resource Management and Policy Analysis.,main,30,12,02
30.1301,Medieval and Renaissance Studies.,main,30,13,01
30.1401,Museology/Museum Studies.,main,30,14,01
30.1501,"Science, Technology and Society.",main,30,15,01
30.1601,Accounting and Computer Science.,main,30,16,01
30.1701,Behavioral Sciences.,main,30,17,01
30.1801,Natural Sciences.,main,30,18,01
30.1901,Nutrition Sciences.,main,30,19,01
30.2001,International/Global Studies.,main,30,20,01
30.2101,Holocaust and Related Studies.,main,30,21,01
30.2201,Ancient Studies/Civilization.,main,30,22,01
30.2202,"Classical, Ancient Mediterranean and Near Eastern Studies and Archaeology.",main,30,22,02
30.2301,Intercultural/Multicultural and Diversity Studies.,main,30,23,01
30.2501,Cognitive Science.,main,30,25,01
30.2601,Cultural Studies/Critical Theory and Analysis.,main,30,26,01
30.2701,Human Biology.,main,30,27,01
30.2801,Dispute Resolution.,main,30,28,01
30.2901,Maritime Studies.,main,30,29,01
30.3001,Computational Science.,main,30,30,01
30.3101,Human Computer Interaction.,main,30,31,01
30.3201,Marine Sciences.,main,30,32,01
30.3301,Sustainability Studies.,main,30,33,01
31.0101,"Parks, Recreation and Leisure Studies.",main,31,01,01
31.0301,"Parks, Recreation and Leisure Facilities Management.",main,31,03,01
31.0302,Golf Course Operation and Grounds Management.,main,31,03,02
31.0501,"Health and Physical Education, General.",main,31,05,01
31.0504,Sport and Fitness Administration/Management.,main,31,05,04
31.0505,Kinesiology and Exercise Science.,main,31,05,05
31.0507,Physical Fitness Technician.,main,31,05,07
31.0508,Sports Studies.,main,31,05,08
31.0601,Outdoor Education.,main,31,06,01
32.0101,"Basic Skills, General.",main,32,01,01
32.0104,Numeracy and Computational Skills.,main,32,01,04
32.0105,Job-Seeking/Changing Skills.,main,32,01,05
32.0107,Career Exploration/Awareness Skills.,main,32,01,07
32.0108,Literacy and Communication Skills.,main,32,01,08
32.0109,Second Language Learning.,main,32,01,09
32.0110,Basic Computer Skills.,main,32,01,10
32.0111,Workforce Development and Training.,main,32,01,11
33.0101,"Citizenship Activities, General.",main,33,01,01
33.0102,American Citizenship Education.,main,33,01,02
33.0103,Community Awareness.,main,33,01,03
33.0104,Community Involvement.,main,33,01,04
33.0105,Canadian Citizenship Education.,main,33,01,05
34.0102,Birthing and Parenting Knowledge and Skills.,main,34,01,02
34.0103,Personal Health Improvement and Maintenance.,main,34,01,03
34.0104,Addiction Prevention and Treatment.,main,34,01,04
35.0101,"Interpersonal and Social Skills, General.",main,35,01,01
35.0102,Interpersonal Relationships Skills.,main,35,01,02
35.0103,Business and Social Skills.,main,35,01,03
36.0101,"Leisure and Recreational Activities, General.",main,36,01,01
36.0102,Handicrafts and Model-Making.,main,36,01,02
36.0103,"Board, Card and Role-Playing Games.",main,36,01,03
36.0105,Home Maintenance and Improvement.,main,36,01,05
36.0106,Nature Appreciation.,main,36,01,06
36.0107,Pet Ownership and Care.,main,36,01,07
36.0108,Sports and Exercise.,main,36,01,08
36.0109,Travel and Exploration.,main,36,01,09
36.0110,Art.,main,36,01,10
36.0111,Collecting.,main,36,01,11
36.0112,Cooking and Other Domestic Skills.,main,36,01,12
36.0113,Computer Games and Programming Skills.,main,36,01,13
36.0114,Dancing.,main,36,01,14
36.0115,Music.,main,36,01,15
36.0116,Reading.,main,36,01,16
36.0117,Theatre/Theater.,main,36,01,17
36.0118,Writing.,main,36,01,18
36.0119,Aircraft Pilot (Private).,main,36,01,19
37.0101,Self-Awareness and Personal Assessment.,main,37,01,01
37.0102,Stress Management and Coping Skills.,main,37,01,02
37.0103,Personal Decision-Making Skills.,main,37,01,03
37.0104,Self-Esteem and Values Clarification.,main,37,01,04
38.0001,"Philosophy and Religious Studies, General.",main,38,00,01
38.0101,Philosophy.,main,38,01,01
38.0102,Logic.,main,38,01,02
38.0103,Ethics.,main,38,01,03
38.0104,Applied and Professional Ethics.,main,38,01,04
38.0201,Religion/Religious Studies.,main,38,02,01
38.0202,Buddhist Studies.,main,38,02,02
38.0203,Christian Studies.,main,38,02,03
38.0204,Hindu Studies.,main,38,02,04
38.0205,Islamic Studies.,main,38,02,05
38.0206,Jewish/Judaic Studies.,main,38,02,06
39.0201,Bible/Biblical Studies.,main,39,02,01
39.0301,Missions/Missionary Studies and Missiology.,main,39,03,01
39.0401,Religious Education.,main,39,04,01
39.0501,Religious/Sacred Music.,main,39,05,01
39.0601,Theology/Theological Studies.,main,39,06,01
39.0602,"Divinity/Ministry (BD, MDiv.)",main,39,06,02
39.0604,Pre-Theology/Pre-Ministerial Studies.,main,39,06,04
39.0605,Rabbinical Studies (M.H.L./Rav),main,39,06,05
39.0606,Talmudic Studies.,main,39,06,06
39.0701,Pastoral Studies/Counseling.,main,39,07,01
39.0702,Youth Ministry.,main,39,07,02
39.0703,Urban Ministry.,main,39,07,03
39.0704,Women's Ministry.,main,39,07,04
39.0705,Lay Ministry.,main,39,07,05
40.0101,Physical Sciences.,main,40,01,01
40.0201,Astronomy.,main,40,02,01
40.0202,Astrophysics.,main,40,02,02
40.0203,Planetary Astronomy and Science.,main,40,02,03
40.0401,"Atmospheric Sciences and Meteorology, General.",main,40,04,01
40.0402,Atmospheric Chemistry and Climatology.,main,40,04,02
40.0403,Atmospheric Physics and Dynamics.,main,40,04,03
40.0404,Meteorology.,main,40,04,04
40.0501,"Chemistry, General.",main,40,05,01
40.0502,Analytical Chemistry.,main,40,05,02
40.0503,Inorganic Chemistry.,main,40,05,03
40.0504,Organic Chemistry.,main,40,05,04
40.0506,Physical and Theoretical Chemistry.,main,40,05,06
40.0507,Polymer Chemistry.,main,40,05,07
40.0508,Chemical Physics.,main,40,05,08
40.0509,Environmental Chemistry.,main,40,05,09
40.0510,Forensic Chemistry.,main,40,05,10
40.0511,Theoretical Chemistry.,main,40,05,11
40.0601,"Geology/Earth Science, General.",main,40,06,01
40.0602,Geochemistry.,main,40,06,02
40.0603,Geophysics and Seismology.,main,40,06,03
40.0604,Paleontology.,main,40,06,04
40.0605,Hydrology and Water Resources Science.,main,40,06,05
40.0606,Geochemistry and Petrology.,main,40,06,06
40.0607,"Oceanography, Chemical and Physical.",main,40,06,07
40.0801,"Physics, General.",main,40,08,01
40.0802,Atomic/Molecular Physics.,main,40,08,02
40.0804,Elementary Particle Physics.,main,40,08,04
40.0805,Plasma and High-Temperature Physics.,main,40,08,05
40.0806,Nuclear Physics.,main,40,08,06
40.0807,Optics/Optical Sciences.,main,40,08,07
40.0808,Solid State and Low-Temperature Physics.,main,40,08,08
40.0809,Acoustics.,main,40,08,09
40.0810,Theoretical and Mathematical Physics.,main,40,08,10
40.1001,Materials Science.,main,40,10,01
40.1002,Materials Chemistry.,main,40,10,02
41.0000,"Science Technologies/Technicians, General.",main,41,00,00
41.0101,Biology Technician/Biotechnology Laboratory Technician.,main,41,01,01
41.0204,Industrial Radiologic Technology/Technician.,main,41,02,04
41.0205,Nuclear/Nuclear Power Technology/Technician.,main,41,02,05
41.0301,Chemical Technology/Technician.,main,41,03,01
41.0303,Chemical Process Technology.,main,41,03,03
42.0101,"Psychology, General.",main,42,01,01
42.2701,Cognitive Psychology and Psycholinguistics.,main,42,27,01
42.2702,Comparative Psychology.,main,42,27,02
42.2703,Developmental and Child Psychology.,main,42,27,03
42.2704,Experimental Psychology.,main,42,27,04
42.2705,Personality Psychology.,main,42,27,05
42.2706,Physiological Psychology/Psychobiology.,main,42,27,06
42.2707,Social Psychology.,main,42,27,07
42.2708,Psychometrics and Quantitative Psychology.,main,42,27,08
42.2709,Psychopharmacology.,main,42,27,09
42.2801,Clinical Psychology.,main,42,28,01
42.2802,Community Psychology.,main,42,28,02
42.2803,Counseling Psychology.,main,42,28,03
42.2804,Industrial and Organizational Psychology.,main,42,28,04
42.2805,School Psychology.,main,42,28,05
42.2806,Educational Psychology.,main,42,28,06
42.2807,Clinical Child Psychology.,main,42,28,07
42.2808,Environmental Psychology.,main,42,28,08
42.2809,Geropsychology.,main,42,28,09
42.2810,Health/Medical Psychology.,main,42,28,10
42.2811,Family Psychology.,main,42,28,11
42.2812,Forensic Psychology.,main,42,28,12
42.2813,Applied Psychology.,main,42,28,13
42.2814,Applied Behavior Analysis.,main,42,28,14
43.0102,Corrections.,main,43,01,02
43.0103,Criminal Justice/Law Enforcement Administration.,main,43,01,03
43.0104,Criminal Justice/Safety Studies.,main,43,01,04
43.0106,Forensic Science and Technology.,main,43,01,06
43.0107,Criminal Justice/Police Science.,main,43,01,07
43.0109,Security and Loss Prevention Services.,main,43,01,09
43.0110,Juvenile Corrections.,main,43,01,10
43.0111,Criminalistics and Criminal Science.,main,43,01,11
43.0112,Securities Services Administration/Management.,main,43,01,12
43.0113,Corrections Administration.,main,43,01,13
43.0114,Law Enforcement Investigation and Interviewing.,main,43,01,14
43.0115,Law Enforcement Record-Keeping and Evidence Management.,main,43,01,15
43.0116,Cyber/Computer Forensics and Counterterrorism.,main,43,01,16
43.0117,Financial Forensics and Fraud Investigation.,main,43,01,17
43.0118,Law Enforcement Intelligence Analysis.,main,43,01,18
43.0119,Critical Incident Response/Special Police Operations.,main,43,01,19
43.0120,Protective Services Operations.,main,43,01,20
43.0121,Suspension and Debarment Investigation.,main,43,01,21
43.0122,Maritime Law Enforcement.,main,43,01,22
43.0123,Cultural/Archaelogical Resources Protection.,main,43,01,23
43.0201,Fire Protection and Safety Technology/Technician.,main,43,02,01
43.0202,Fire Services Administration.,main,43,02,02
43.0203,Fire Science/Fire-fighting.,main,43,02,03
43.0204,Fire Systems Technology.,main,43,02,04
43.0205,Fire/Arson Investigation and Prevention.,main,43,02,05
43.0206,Wildland/Forest Firefighting and Investigation.,main,43,02,06
43.0301,Homeland Security.,main,43,03,01
43.0302,Crisis/Emergency/Disaster Management.,main,43,03,02
43.0303,Critical Infrastructure Protection.,main,43,03,03
43.0304,Terrorism and Counterterrorism Operations.,main,43,03,04
44.0000,"Human Services, General.",main,44,00,00
44.0201,Community Organization and Advocacy.,main,44,02,01
44.0401,Public Administration.,main,44,04,01
44.0501,Public Policy Analysis.,main,44,05,01
44.0502,Education Policy Analysis.,main,44,05,02
44.0503,Health Policy Analysis.,main,44,05,03
44.0504,International Policy Analysis.,main,44,05,04
44.0701,Social Work.,main,44,07,01
44.0702,Youth Services/Administration.,main,44,07,02
45.0101,"Social Sciences, General.",main,45,01,01
45.0102,Research Methodology and Quantitative Methods.,main,45,01,02
45.0201,Anthropology.,main,45,02,01
45.0202,Physical Anthropology.,main,45,02,02
45.0203,Medical Anthropology.,main,45,02,03
45.0204,Cultural Anthropology.,main,45,02,04
45.0301,Archeology.,main,45,03,01
45.0401,Criminology.,main,45,04,01
45.0501,Demography and Population Studies.,main,45,05,01
45.0601,"Economics, General.",main,45,06,01
45.0602,Applied Economics.,main,45,06,02
45.0603,Econometrics and Quantitative Economics.,main,45,06,03
45.0604,Development Economics and International Development.,main,45,06,04
45.0605,International Economics.,main,45,06,05
45.0701,Geography.,main,45,07,01
45.0702,Cartography.,main,45,07,02
45.0901,International Relations and Affairs.,main,45,09,01
45.0902,National Security Policy Studies.,main,45,09,02
45.1001,"Political Science and Government, General.",main,45,10,01
45.1002,American Government and Politics (United States).,main,45,10,02
45.1003,Canadian Government and Politics.,main,45,10,03
45.1004,Political Economy.,main,45,10,04
45.1101,Sociology.,main,45,11,01
45.1201,Urban Studies/Affairs.,main,45,12,01
45.1301,Sociology and Anthropology.,main,45,13,01
45.1401,Rural Sociology.,main,45,14,01
46.0000,"Construction Trades, General.",main,46,00,00
46.0101,Mason/Masonry.,main,46,01,01
46.0201,Carpentry/Carpenter.,main,46,02,01
46.0301,"Electrical and Power Transmission Installation/Installer, General.",main,46,03,01
46.0302,Electrician.,main,46,03,02
46.0303,Lineworker.,main,46,03,03
46.0401,Building/Property Maintenance and Management.,main,46,04,01
46.0402,Concrete Finishing/Concrete Finisher.,main,46,04,02
46.0403,Building/Home/Construction Inspection/Inspector.,main,46,04,03
46.0404,Drywall Installation/Drywaller.,main,46,04,04
46.0406,Glazier.,main,46,04,06
46.0408,Painting/Painter and Wall Coverer.,main,46,04,08
46.0410,Roofer.,main,46,04,10
46.0411,Metal Building Assembly/Assembler.,main,46,04,11
46.0412,Building/Construction Site Management/Manager.,main,46,04,12
46.0413,"Carpet, Floor, and Tile Worker.",main,46,04,13
46.0414,Insulator.,main,46,04,14
46.0415,Building Construction Technology.,main,46,04,15
46.0502,Pipefitting/Pipefitter and Sprinkler Fitter.,main,46,05,02
46.0503,Plumbing Technology/Plumber.,main,46,05,03
46.0504,Well Drilling/Driller.,main,46,05,04
46.0505,Blasting/Blaster.,main,46,05,05
47.0000,"Mechanics and Repairers, General.",main,47,00,00
47.0101,"Electrical/Electronics Equipment Installation and Repair, General.",main,47,01,01
47.0102,Business Machine Repair.,main,47,01,02
47.0103,Communications Systems Installation and Repair Technology.,main,47,01,03
47.0104,Computer Installation and Repair Technology/Technician.,main,47,01,04
47.0105,Industrial Electronics Technology/Technician.,main,47,01,05
47.0106,Appliance Installation and Repair Technology/Technician.,main,47,01,06
47.0110,"Security System Installation, Repair, and Inspection Technology/Technician.",main,47,01,10
47.0201,"Heating, Air Conditioning, Ventilation and Refrigeration Maintenance Technology/Technician (HAC, HACR, HVAC, HVACR).",main,47,02,01
47.0302,Heavy Equipment Maintenance Technology/Technician.,main,47,03,02
47.0303,Industrial Mechanics and Maintenance Technology.,main,47,03,03
47.0402,Gunsmithing/Gunsmith.,main,47,04,02
47.0403,Locksmithing and Safe Repair.,main,47,04,03
47.0404,Musical Instrument Fabrication and Repair.,main,47,04,04
47.0408,Watchmaking and Jewelrymaking.,main,47,04,08
47.0409,Parts and Warehousing Operations and Maintenance Technology/Technician.,main,47,04,09
47.0600,"Vehicle Maintenance and Repair Technologies, General.",main,47,06,00
47.0603,Autobody/Collision and Repair Technology/Technician.,main,47,06,03
47.0604,Automobile/Automotive Mechanics Technology/Technician.,main,47,06,04
47.0605,Diesel Mechanics Technology/Technician.,main,47,06,05
47.0606,Small Engine Mechanics and Repair Technology/Technician.,main,47,06,06
47.0607,Airframe Mechanics and Aircraft Maintenance Technology/Technician.,main,47,06,07
47.0608,Aircraft Powerplant Technology/Technician.,main,47,06,08
47.0609,Avionics Maintenance Technology/Technician.,main,47,06,09
47.0610,Bicycle Mechanics and Repair Technology/Technician.,main,47,06,10
47.0611,Motorcycle Maintenance and Repair Technology/Technician.,main,47,06,11
47.0612,Vehicle Emissions Inspection and Maintenance Technology/Technician.,main,47,06,12
47.0613,Medium/Heavy Vehicle and Truck Technology/Technician.,main,47,06,13
47.0614,Alternative Fuel Vehicle Technology/Technician.,main,47,06,14
47.0615,Engine Machinist.,main,47,06,15
47.0616,Marine Maintenance/Fitter and Ship Repair Technology/Technician.,main,47,06,16
47.0617,High Performance and Custom Engine Technician/Mechanic.,main,47,06,17
47.0618,Recreation Vehicle (RV) Service Technician.,main,47,06,18
48.0000,"Precision Production Trades, General.",main,48,00,00
48.0303,Upholstery/Upholsterer.,main,48,03,03
48.0304,"Shoe, Boot and Leather Repair.",main,48,03,04
48.0501,Machine Tool Technology/Machinist.,main,48,05,01
48.0503,Machine Shop Technology/Assistant.,main,48,05,03
48.0506,Sheet Metal Technology/Sheetworking.,main,48,05,06
48.0507,Tool and Die Technology/Technician.,main,48,05,07
48.0508,Welding Technology/Welder.,main,48,05,08
48.0509,Ironworking/Ironworker.,main,48,05,09
48.0510,Computer Numerically Controlled (CNC) Machinist Technology/CNC Machinist.,main,48,05,10
48.0511,Metal Fabricator.,main,48,05,11
48.0701,"Woodworking, General.",main,48,07,01
48.0702,Furniture Design and Manufacturing.,main,48,07,02
48.0703,Cabinetmaking and Millwork/Millwright.,main,48,07,03
48.0801,Boilermaking/Boilermaker.,main,48,08,01
49.0101,"Aeronautics/Aviation/Aerospace Science and Technology, General.",main,49,01,01
49.0102,Airline/Commercial/Professional Pilot and Flight Crew.,main,49,01,02
49.0104,Aviation/Airway Management and Operations.,main,49,01,04
49.0105,Air Traffic Controller.,main,49,01,05
49.0106,Airline Flight Attendant.,main,49,01,06
49.0108,Flight Instructor.,main,49,01,08
49.0202,Construction/Heavy Equipment/Earthmoving Equipment Operation.,main,49,02,02
49.0205,Truck and Bus Driver/Commercial Vehicle Operation.,main,49,02,05
49.0206,Mobil Crane Operation/Operator.,main,49,02,06
49.0207,Flagging and Traffic Control.,main,49,02,07
49.0208,Railroad and Railway Transportation.,main,49,02,08
49.0303,Commercial Fishing.,main,49,03,03
49.0304,"Diver, Professional and Instructor.",main,49,03,04
49.0309,Marine Science/Merchant Marine Officer.,main,49,03,09
50.0101,"Visual and Performing Arts, General.",main,50,01,01
50.0102,Digital Arts.,main,50,01,02
50.0201,"Crafts/Craft Design, Folk Art and Artisanry.",main,50,02,01
50.0301,"Dance, General.",main,50,03,01
50.0302,Ballet.,main,50,03,02
50.0401,"Design and Visual Communications, General.",main,50,04,01
50.0402,Commercial and Advertising Art.,main,50,04,02
50.0404,Industrial Design.,main,50,04,04
50.0406,Commercial Photography.,main,50,04,06
50.0407,Fashion/Apparel Design.,main,50,04,07
50.0408,Interior Design.,main,50,04,08
50.0409,Graphic Design.,main,50,04,09
50.0410,Illustration.,main,50,04,10
50.0411,Game and Interactive Media Design.,main,50,04,11
50.0501,"Drama and Dramatics/Theatre Arts, General.",main,50,05,01
50.0502,Technical Theatre/Theatre Design and Technology.,main,50,05,02
50.0504,Playwriting and Screenwriting.,main,50,05,04
50.0505,"Theatre Literature, History and Criticism.",main,50,05,05
50.0506,Acting.,main,50,05,06
50.0507,Directing and Theatrical Production.,main,50,05,07
50.0509,Musical Theatre.,main,50,05,09
50.0510,Costume Design.,main,50,05,10
50.0601,Film/Cinema Studies.,main,50,06,01
50.0602,Cinematography and Film/Video Production.,main,50,06,02
50.0605,Photography.,main,50,06,05
50.0607,Documentary Production.,main,50,06,07
50.0701,"Art/Art Studies, General.",main,50,07,01
50.0702,"Fine/Studio Arts, General.",main,50,07,02
50.0703,"Art History, Criticism and Conservation.",main,50,07,03
50.0705,Drawing.,main,50,07,05
50.0706,Intermedia/Multimedia.,main,50,07,06
50.0708,Painting.,main,50,07,08
50.0709,Sculpture.,main,50,07,09
50.0710,Printmaking.,main,50,07,10
50.0711,Ceramic Arts and Ceramics.,main,50,07,11
50.0712,"Fiber, Textile and Weaving Arts.",main,50,07,12
50.0713,Metal and Jewelry Arts.,main,50,07,13
50.0901,"Music, General.",main,50,09,01
50.0902,"Music History, Literature, and Theory.",main,50,09,02
50.0903,"Music Performance, General.",main,50,09,03
50.0904,Music Theory and Composition.,main,50,09,04
50.0905,Musicology and Ethnomusicology.,main,50,09,05
50.0906,Conducting.,main,50,09,06
50.0907,Piano and Organ.,main,50,09,07
50.0908,Voice and Opera.,main,50,09,08
50.0910,Jazz/Jazz Studies.,main,50,09,10
50.0911,"Violin, Viola, Guitar and Other Stringed Instruments.",main,50,09,11
50.0912,Music Pedagogy.,main,50,09,12
50.0913,Music Technology.,main,50,09,13
50.0914,Brass Instruments.,main,50,09,14
50.0915,Woodwind Instruments.,main,50,09,15
50.0916,Percussion Instruments.,main,50,09,16
50.1001,"Arts, Entertainment,and Media Management, General.",main,50,10,01
50.1002,Arts Management.,main,50,10,02
50.1003,Music Management and Merchandising.,main,50,10,03
50.1004,Theatre/Theatre Arts Management.,main,50,10,04
51.0000,"Health Services/Allied Health/Health Sciences, General.",main,51,00,00
51.0001,"Health and Wellness, General.",main,51,00,01
51.0101,Chiropractic (DC).,main,51,01,01
51.0201,"Communication Disorders, General.",main,51,02,01
51.0202,Audiology/Audiologist and Hearing Sciences.,main,51,02,02
51.0203,Speech-Language Pathology/Pathologist.,main,51,02,03
51.0204,Audiology/Audiologist and Speech-Language Pathology/Pathologist.,main,51,02,04
51.0401,"Dentistry (DDS, DMD).",main,51,04,01
51.0501,"Dental Clinical Sciences, General (MS, PhD).",main,51,05,01
51.0502,"Advanced General Dentistry (Cert., MS, PhD)",main,51,05,02
51.0503,"Oral Biology and Oral Pathology (MS, PhD).",main,51,05,03
51.0504,"Dental Public Health and Education (Cert., MS/MPH, PhD/DPH)",main,51,05,04
51.0505,"Dental Materials (MS, PhD).",main,51,05,05
51.0506,"Endodontics/Endodontology (Cert., MS, PhD)",main,51,05,06
51.0507,"Oral/Maxillofacial Surgery (Cert., MS, PhD)",main,51,05,07
51.0508,"Orthodontics/Orthodontology (Cert., MS, PhD)",main,51,05,08
51.0509,"Pediatric Dentistry/Pedodontics (Cert., MS, PhD)",main,51,05,09
51.0510,"Periodontics/Periodontology (Cert., MS, PhD)",main,51,05,10
51.0511,"Prosthodontics/Prosthodontology (Cert., MS, PhD)",main,51,05,11
51.0601,Dental Assisting/Assistant.,main,51,06,01
51.0602,Dental Hygiene/Hygienist.,main,51,06,02
51.0603,Dental Laboratory Technology/Technician.,main,51,06,03
51.0701,Health/Health Care Administration/Management.,main,51,07,01
51.0702,Hospital and Health Care Facilities Administration/Management.,main,51,07,02
51.0703,Health Unit Coordinator/Ward Clerk.,main,51,07,03
51.0704,Health Unit Manager/Ward Supervisor.,main,51,07,04
51.0705,Medical Office Management/Administration.,main,51,07,05
51.0706,Health Information/Medical Records Administration/Administrator.,main,51,07,06
51.0707,Health Information/Medical Records Technology/Technician.,main,51,07,07
51.0708,Medical Transcription/Transcriptionist.,main,51,07,08
51.0709,Medical Office Computer Specialist/Assistant.,main,51,07,09
51.0710,Medical Office Assistant/Specialist.,main,51,07,10
51.0711,Medical/Health Management and Clinical Assistant/Specialist.,main,51,07,11
51.0712,Medical Reception/Receptionist.,main,51,07,12
51.0713,Medical Insurance Coding Specialist/Coder.,main,51,07,13
51.0714,Medical Insurance Specialist/Medical Biller.,main,51,07,14
51.0715,Health/Medical Claims Examiner.,main,51,07,15
51.0716,Medical Administrative/Executive Assistant and Medical Secretary.,main,51,07,16
51.0717,Medical Staff Services Technology/Technician.,main,51,07,17
51.0718,Long Term Care Administration/Management.,main,51,07,18
51.0719,Clinical Research Coordinator.,main,51,07,19
51.0801,Medical/Clinical Assistant.,main,51,08,01
51.0802,Clinical/Medical Laboratory Assistant.,main,51,08,02
51.0803,Occupational Therapist Assistant.,main,51,08,03
51.0805,Pharmacy Technician/Assistant.,main,51,08,05
51.0806,Physical Therapist Assistant.,main,51,08,06
51.0808,Veterinary/Animal Health Technology/Technician and Veterinary Assistant.,main,51,08,08
51.0809,Anesthesiologist Assistant.,main,51,08,09
51.0810,Emergency Care Attendant (EMT Ambulance).,main,51,08,10
51.0811,Pathology/Pathologist Assistant.,main,51,08,11
51.0812,Respiratory Therapy Technician/Assistant.,main,51,08,12
51.0813,Chiropractic Assistant/Technician.,main,51,08,13
51.0814,Radiologist Assistant.,main,51,08,14
51.0815,Lactation Consultant.,main,51,08,15
51.0816,Speech-Language Pathology Assistant.,main,51,08,16
51.0901,Cardiovascular Technology/Technologist.,main,51,09,01
51.0902,Electrocardiograph Technology/Technician.,main,51,09,02
51.0903,Electroneurodiagnostic/Electroencephalographic Technology/Technologist.,main,51,09,03
51.0904,Emergency Medical Technology/Technician (EMT Paramedic).,main,51,09,04
51.0905,Nuclear Medical Technology/Technologist.,main,51,09,05
51.0906,Perfusion Technology/Perfusionist.,main,51,09,06
51.0907,Medical Radiologic Technology/Science - Radiation Therapist.,main,51,09,07
51.0908,Respiratory Care Therapy/Therapist.,main,51,09,08
51.0909,Surgical Technology/Technologist.,main,51,09,09
51.0910,Diagnostic Medical Sonography/Sonographer and Ultrasound Technician.,main,51,09,10
51.0911,Radiologic Technology/Science - Radiographer.,main,51,09,11
51.0912,Physician Assistant.,main,51,09,12
51.0913,Athletic Training/Trainer.,main,51,09,13
51.0914,Gene/Genetic Therapy.,main,51,09,14
51.0915,Cardiopulmonary Technology/Technologist.,main,51,09,15
51.0916,Radiation Protection/Health Physics Technician.,main,51,09,16
51.0917,Polysomnography.,main,51,09,17
51.0918,Hearing Instrument Specialist.,main,51,09,18
51.0919,Mammography Technician/Technology.,main,51,09,19
51.0920,Magnetic Resonance Imaging (MRI) Technology/Technician.,main,51,09,20
51.1001,Blood Bank Technology Specialist.,main,51,10,01
51.1002,Cytotechnology/Cytotechnologist.,main,51,10,02
51.1003,Hematology Technology/Technician.,main,51,10,03
51.1004,Clinical/Medical Laboratory Technician.,main,51,10,04
51.1005,Clinical Laboratory Science/Medical Technology/Technologist.,main,51,10,05
51.1006,Ophthalmic Laboratory Technology/Technician.,main,51,10,06
51.1007,Histologic Technology/Histotechnologist.,main,51,10,07
51.1008,Histologic Technician.,main,51,10,08
51.1009,Phlebotomy/Phlebotomist.,main,51,10,09
51.1010,Cytogenetics/Genetics/Clinical Genetics Technology/Technologist.,main,51,10,10
51.1011,Renal/Dialysis Technologist/Technician.,main,51,10,11
51.1012,Sterile Processing Technology/Technician.,main,51,10,12
51.1101,Pre-Dentistry Studies.,main,51,11,01
51.1102,Pre-Medicine/Pre-Medical Studies.,main,51,11,02
51.1103,Pre-Pharmacy Studies.,main,51,11,03
51.1104,Pre-Veterinary Studies.,main,51,11,04
51.1105,Pre-Nursing Studies.,main,51,11,05
51.1106,Pre-Chiropractic Studies.,main,51,11,06
51.1107,Pre-Occupational Therapy Studies.,main,51,11,07
51.1108,Pre-Optometry Studies.,main,51,11,08
51.1109,Pre-Physical Therapy Studies.,main,51,11,09
51.1201,Medicine (MD).,main,51,12,01
51.1401,"Medical Scientist (MS, PhD).",main,51,14,01
51.1501,Substance Abuse/Addiction Counseling.,main,51,15,01
51.1502,Psychiatric/Mental Health Services Technician.,main,51,15,02
51.1503,Clinical/Medical Social Work.,main,51,15,03
51.1504,Community Health Services/Liaison/Counseling.,main,51,15,04
51.1505,Marriage and Family Therapy/Counseling.,main,51,15,05
51.1506,Clinical Pastoral Counseling/Patient Counseling.,main,51,15,06
51.1507,Psychoanalysis and Psychotherapy.,main,51,15,07
51.1508,Mental Health Counseling/Counselor.,main,51,15,08
51.1509,Genetic Counseling/Counselor.,main,51,15,09
51.1701,Optometry (OD).,main,51,17,01
51.1801,Opticianry/Ophthalmic Dispensing Optician.,main,51,18,01
51.1802,Optometric Technician/Assistant.,main,51,18,02
51.1803,Ophthalmic Technician/Technologist.,main,51,18,03
51.1804,Orthoptics/Orthoptist.,main,51,18,04
51.1901,Osteopathic Medicine/Osteopathy (DO).,main,51,19,01
51.2001,"Pharmacy (PharmD [USA], PharmD or BS/BPharm [Canada]).",main,51,20,01
51.2002,"Pharmacy Administration and Pharmacy Policy and Regulatory Affairs (MS, PhD).",main,51,20,02
51.2003,"Pharmaceutics and Drug Design (MS, PhD).",main,51,20,03
51.2004,"Medicinal and Pharmaceutical Chemistry (MS, PhD).",main,51,20,04
51.2005,"Natural Products Chemistry and Pharmacognosy (MS, PhD).",main,51,20,05
51.2006,"Clinical and Industrial Drug Development (MS, PhD).",main,51,20,06
51.2007,"Pharmacoeconomics/Pharmaceutical Economics (MS, PhD).",main,51,20,07
51.2008,"Clinical, Hospital, and Managed Care Pharmacy (MS, PhD).",main,51,20,08
51.2009,"Industrial and Physical Pharmacy and Cosmetic Sciences (MS, PhD).",main,51,20,09
51.2010,Pharmaceutical Sciences.,main,51,20,10
51.2011,Pharmaceutical Marketing and Management.,main,51,20,11
51.2101,Podiatric Medicine/Podiatry (DPM).,main,51,21,01
51.2201,"Public Health, General (MPH, DPH).",main,51,22,01
51.2202,Environmental Health.,main,51,22,02
51.2205,Health/Medical Physics.,main,51,22,05
51.2206,Occupational Health and Industrial Hygiene.,main,51,22,06
51.2207,Public Health Education and Promotion.,main,51,22,07
51.2208,Community Health and Preventive Medicine.,main,51,22,08
51.2209,Maternal and Child Health.,main,51,22,09
51.2210,International Public Health/International Health.,main,51,22,10
51.2211,Health Services Administration.,main,51,22,11
51.2212,Behavioral Aspects of Health.,main,51,22,12
51.2301,Art Therapy/Therapist.,main,51,23,01
51.2302,Dance Therapy/Therapist.,main,51,23,02
51.2305,Music Therapy/Therapist.,main,51,23,05
51.2306,Occupational Therapy/Therapist.,main,51,23,06
51.2307,Orthotist/Prosthetist.,main,51,23,07
51.2308,Physical Therapy/Therapist.,main,51,23,08
51.2309,Therapeutic Recreation/Recreational Therapy.,main,51,23,09
51.2310,Vocational Rehabilitation Counseling/Counselor.,main,51,23,10
51.2311,Kinesiotherapy/Kinesiotherapist.,main,51,23,11
51.2312,Assistive/Augmentative Technology and Rehabiliation Engineering.,main,51,23,12
51.2313,Animal-Assisted Therapy.,main,51,23,13
51.2314,Rehabilitation Science.,main,51,23,14
51.2401,Veterinary Medicine (DVM).,main,51,24,01
51.2501,"Veterinary Sciences/Veterinary Clinical Sciences, General (Cert., MS, PhD)",main,51,25,01
51.2502,"Veterinary Anatomy (Cert., MS, PhD)",main,51,25,02
51.2503,"Veterinary Physiology (Cert., MS, PhD)",main,51,25,03
51.2504,"Veterinary Microbiology and Immunobiology (Cert., MS, PhD)",main,51,25,04
51.2505,"Veterinary Pathology and Pathobiology (Cert., MS, PhD)",main,51,25,05
51.2506,"Veterinary Toxicology and Pharmacology (Cert., MS, PhD)",main,51,25,06
51.2507,"Large Animal/Food Animal and Equine Surgery and Medicine (Cert., MS, PhD)",main,51,25,07
51.2508,"Small/Companion Animal Surgery and Medicine (Cert., MS, PhD)",main,51,25,08
51.2509,"Comparative and Laboratory Animal Medicine (Cert., MS, PhD)",main,51,25,09
51.2510,"Veterinary Preventive Medicine Epidemiology, and Public Health (Cert., MS, PhD)",main,51,25,10
51.2511,"Veterinary Infectious Diseases (Cert., MS, PhD)",main,51,25,11
51.2599,"Veterinary Biomedical and Clinical Sciences, Other (Cert., MS. PhD)",main,51,25,99
51.2601,Health Aide.,main,51,26,01
51.2602,Home Health Aide/Home Attendant.,main,51,26,02
51.2603,Medication Aide.,main,51,26,03
51.2604,Rehabilitation Aide.,main,51,26,04
51.2703,Medical Illustration/Medical Illustrator.,main,51,27,03
51.2706,Medical Informatics.,main,51,27,06
51.3101,Dietetics/Dietitian (RD).,main,51,31,01
51.3102,Clinical Nutrition/Nutritionist.,main,51,31,02
51.3103,Dietetic Technician (DTR).,main,51,31,03
51.3104,Dietitian Assistant.,main,51,31,04
51.3201,Bioethics/Medical Ethics.,main,51,32,01
51.3300,"Alternative and Complementary Medicine and Medical Systems, General.",main,51,33,00
51.3301,Acupuncture.,main,51,33,01
51.3302,Traditional Chinese/Asian Medicine and Chinese Herbology.,main,51,33,02
51.3303,Naturopathic Medicine/Naturopathy (ND).,main,51,33,03
51.3304,Homeopathic Medicine/Homeopathy.,main,51,33,04
51.3305,Ayurvedic Medicine/Ayurveda.,main,51,33,05
51.3306,Holistic Health.,main,51,33,06
51.3401,"Direct Entry Midwifery (LM, CPM).",main,51,34,01
51.3501,Massage Therapy/Therapeutic Massage.,main,51,35,01
51.3502,Asian Bodywork Therapy.,main,51,35,02
51.3503,Somatic Bodywork.,main,51,35,03
51.3601,Movement Therapy and Movement Education.,main,51,36,01
51.3602,Yoga Teacher Training/Yoga Therapy.,main,51,36,02
51.3603,Hypnotherapy/Hypnotherapist.,main,51,36,03
51.3701,Aromatherapy.,main,51,37,01
51.3702,Herbalism/Herbalist.,main,51,37,02
51.3703,Polarity Therapy.,main,51,37,03
51.3704,Reiki.,main,51,37,04
51.3801,"Nursing/Registered Nurse (RN, ASN, BSN, MSN).",main,51,38,01
51.3802,"Nursing Administration (MSN, MS, PhD).",main,51,38,02
51.3803,Adult Health Nurse/Nursing.,main,51,38,03
51.3804,Nurse Anesthetist.,main,51,38,04
51.3805,Family Practice Nurse/Nurse Practitioner.,main,51,38,05
51.3806,Maternal/Child Health and Neonatal Nurse/Nursing.,main,51,38,06
51.3807,Nurse Midwife/Nursing Midwifery.,main,51,38,07
51.3808,"Nursing Science (MS, PhD).",main,51,38,08
51.3809,Pediatric Nurse/Nursing.,main,51,38,09
51.3810,Psychiatric/Mental Health Nurse/Nursing.,main,51,38,10
51.3811,Public Health/Community Nurse/Nursing.,main,51,38,11
51.3812,Perioperative/Operating Room and Surgical Nurse/Nursing.,main,51,38,12
51.3813,Clinical Nurse Specialist.,main,51,38,13
51.3814,Critical Care Nursing.,main,51,38,14
51.3815,Occupational and Environmental Health Nursing.,main,51,38,15
51.3816,Emergency Room/Trauma Nursing.,main,51,38,16
51.3817,Nursing Education.,main,51,38,17
51.3818,Nursing Practice.,main,51,38,18
51.3819,Palliative Care Nursing.,main,51,38,19
51.3820,Clinical Nurse Leader.,main,51,38,20
51.3821,Geriatric Nurse/Nursing.,main,51,38,21
51.3822,Women's Health Nurse/Nursing.,main,51,38,22
51.3901,"Licensed Practical/Vocational Nurse Training (LPN, LVN, Cert., Dipl, AAS)",main,51,39,01
51.3902,Nurse/Nursing Assistant/Aide and Patient Care Assistant.,main,51,39,02
52.0101,"Business/Commerce, General.",main,52,01,01
52.0201,"Business Administration and Management, General.",main,52,02,01
52.0202,"Purchasing, Procurement/Acquisitions and Contracts Management.",main,52,02,02
52.0203,Logistics and Materials Management.,main,52,02,03
52.0204,Office Management and Supervision.,main,52,02,04
52.0205,Operations Management and Supervision.,main,52,02,05
52.0206,Non-Profit/Public/Organizational Management.,main,52,02,06
52.0207,Customer Service Management.,main,52,02,07
52.0208,E-Commerce/Electronic Commerce.,main,52,02,08
52.0209,Transportation/Transportation Management.,main,52,02,09
52.0210,Research and Development Management.,main,52,02,10
52.0211,Project Management.,main,52,02,11
52.0212,Retail Management.,main,52,02,12
52.0213,Organizational Leadership.,main,52,02,13
52.0301,Accounting.,main,52,03,01
52.0302,Accounting Technology/Technician and Bookkeeping.,main,52,03,02
52.0303,Auditing.,main,52,03,03
52.0304,Accounting and Finance.,main,52,03,04
52.0305,Accounting and Business/Management.,main,52,03,05
52.0401,"Administrative Assistant and Secretarial Science, General.",main,52,04,01
52.0402,Executive Assistant/Executive Secretary.,main,52,04,02
52.0406,Receptionist.,main,52,04,06
52.0407,Business/Office Automation/Technology/Data Entry.,main,52,04,07
52.0408,General Office Occupations and Clerical Services.,main,52,04,08
52.0409,"Parts, Warehousing, and Inventory Management Operations.",main,52,04,09
52.0410,"Traffic, Customs, and Transportation Clerk/Technician.",main,52,04,10
52.0411,Customer Service Support/Call Center/Teleservice Operation.,main,52,04,11
52.0501,Business/Corporate Communications.,main,52,05,01
52.0601,Business/Managerial Economics.,main,52,06,01
52.0701,Entrepreneurship/Entrepreneurial Studies.,main,52,07,01
52.0702,Franchising and Franchise Operations.,main,52,07,02
52.0703,Small Business Administration/Management.,main,52,07,03
52.0801,"Finance, General.",main,52,08,01
52.0803,Banking and Financial Support Services.,main,52,08,03
52.0804,Financial Planning and Services.,main,52,08,04
52.0806,International Finance.,main,52,08,06
52.0807,Investments and Securities.,main,52,08,07
52.0808,Public Finance.,main,52,08,08
52.0809,Credit Management.,main,52,08,09
52.0901,"Hospitality Administration/Management, General.",main,52,09,01
52.0903,Tourism and Travel Services Management.,main,52,09,03
52.0904,Hotel/Motel Administration/Management.,main,52,09,04
52.0905,Restaurant/Food Services Management.,main,52,09,05
52.0906,Resort Management.,main,52,09,06
52.0907,Meeting and Event Planning.,main,52,09,07
52.0908,Casino Management.,main,52,09,08
52.0909,"Hotel, Motel, and Restaurant Management.",main,52,09,09
52.1001,"Human Resources Management/Personnel Administration, General.",main,52,10,01
52.1002,Labor and Industrial Relations.,main,52,10,02
52.1003,Organizational Behavior Studies.,main,52,10,03
52.1004,Labor Studies.,main,52,10,04
52.1005,Human Resources Development.,main,52,10,05
52.1101,International Business/Trade/Commerce.,main,52,11,01
52.1201,"Management Information Systems, General.",main,52,12,01
52.1206,Information Resources Management/CIO Training.,main,52,12,06
52.1207,Knowledge Management.,main,52,12,07
52.1301,"Management Science, General.",main,52,13,01
52.1302,Business Statistics.,main,52,13,02
52.1304,Actuarial Science.,main,52,13,04
52.1401,"Marketing/Marketing Management, General.",main,52,14,01
52.1402,Marketing Research.,main,52,14,02
52.1403,International Marketing.,main,52,14,03
52.1501,Real Estate.,main,52,15,01
52.1601,Taxation.,main,52,16,01
52.1701,Insurance.,main,52,17,01
52.1801,"Sales, Distribution, and Marketing Operations, General.",main,52,18,01
52.1802,Merchandising and Buying Operations.,main,52,18,02
52.1803,Retailing and Retail Operations.,main,52,18,03
52.1804,Selling Skills and Sales Operations.,main,52,18,04
52.1901,Auctioneering.,main,52,19,01
52.1902,Fashion Merchandising.,main,52,19,02
52.1903,Fashion Modeling.,main,52,19,03
52.1904,Apparel and Accessories Marketing Operations.,main,52,19,04
52.1905,Tourism and Travel Services Marketing Operations.,main,52,19,05
52.1906,Tourism Promotion Operations.,main,52,19,06
52.1907,Vehicle and Vehicle Parts and Accessories Marketing Operations.,main,52,19,07
52.1908,Business and Personal/Financial Services Marketing Operations.,main,52,19,08
52.1909,Special Products Marketing Operations.,main,52,19,09
52.1910,Hospitality and Recreation Marketing Operations.,main,52,19,10
52.2001,Construction Management.,main,52,20,01
52.2101,Telecommunications Management.,main,52,21,01
53.0101,Regular/General High School/Secondary Diploma Program.,main,53,01,01
53.0102,College/University Preparatory and Advanced High School/Secondary Diploma Program.,main,53,01,02
53.0103,Vocational High School and Secondary Business/Vocational-Industrial/Occupational Diploma Program.,main,53,01,03
53.0104,Honors/Regents High School/Secondary Diploma Program.,main,53,01,04
53.0105,Adult High School/Secondary Diploma Program.,main,53,01,05
53.0201,High School Equivalence Certificate Program.,main,53,02,01
53.0202,High School Certificate of Competence Program.,main,53,02,02
53.0203,Certificate of IEP Completion Program.,main,53,02,03
54.0101,"History, General.",main,54,01,01
54.0102,American History (United States).,main,54,01,02
54.0103,European History.,main,54,01,03
54.0104,History and Philosophy of Science and Technology.,main,54,01,04
54.0105,Public/Applied History and Archival Administration.,main,54,01,05
54.0106,Asian History.,main,54,01,06
54.0107,Canadian History.,main,54,01,07
54.0108,Military History.,main,54,01,08
60.0101,Dental/Oral Surgery Specialty.,main,60,01,01
60.0102,Dental Public Health Specialty.,main,60,01,02
60.0103,Endodontics Specialty.,main,60,01,03
60.0104,Oral Pathology Specialty.,main,60,01,04
60.0105,Orthodontics Specialty.,main,60,01,05
60.0106,Pedodontics Specialty.,main,60,01,06
60.0107,Periodontics Specialty.,main,60,01,07
60.0108,Prosthodontics Specialty.,main,60,01,08
60.0109,Oral and Maxillofacial Radiology Residency Program.,main,60,01,09
60.0301,Veterinary Anesthesiology.,main,60,03,01
60.0302,Veterinary Dentistry.,main,60,03,02
60.0303,Veterinary Dermatology.,main,60,03,03
60.0304,Veterinary Emergency and Critical Care Medicine.,main,60,03,04
60.0305,Veterinary Internal Medicine.,main,60,03,05
60.0306,Laboratory Animal Medicine.,main,60,03,06
60.0307,Veterinary Microbiology.,main,60,03,07
60.0308,Veterinary Nutrition.,main,60,03,08
60.0309,Veterinary Ophthalmology.,main,60,03,09
60.0310,Veterinary Pathology.,main,60,03,10
60.0311,Veterinary Practice.,main,60,03,11
60.0312,Veterinary Preventive Medicine.,main,60,03,12
60.0313,Veterinary Radiology.,main,60,03,13
60.0314,Veterinary Surgery.,main,60,03,14
60.0315,Theriogenology.,main,60,03,15
60.0316,Veterinary Toxicology.,main,60,03,16
60.0317,Zoological Medicine.,main,60,03,17
60.0318,Poultry Veterinarian Residency Program.,main,60,03,18
60.0319,Veterinary Behaviorist Residency Program.,main,60,03,19
60.0320,Veterinary Clinical Pharmacology Residency Program.,main,60,03,20
60.0401,Aerospace Medicine.,main,60,04,01
60.0402,Allergies and Immunology.,main,60,04,02
60.0403,Anesthesiology.,main,60,04,03
60.0404,Child Neurology.,main,60,04,04
60.0405,Clinical Biochemical Genetics Residency Program.,main,60,04,05
60.0406,Clinical Cytogenetics Residency Program.,main,60,04,06
60.0407,Clinical Genetics Residency Program.,main,60,04,07
60.0408,Clinical Molecular Genetics Residency Program.,main,60,04,08
60.0409,Colon and Rectal Surgery.,main,60,04,09
60.0410,Dermatology.,main,60,04,10
60.0411,Diagnostic Radiology.,main,60,04,11
60.0412,Emergency Medicine.,main,60,04,12
60.0413,Family Medicine.,main,60,04,13
60.0414,General Surgery.,main,60,04,14
60.0415,Internal Medicine.,main,60,04,15
60.0416,Neurological Surgery/Neurosurgery.,main,60,04,16
60.0417,Neurology.,main,60,04,17
60.0418,Nuclear Medicine.,main,60,04,18
60.0419,Obstetrics and Gynecology.,main,60,04,19
60.0420,Occupational Medicine.,main,60,04,20
60.0421,Ophthalmology.,main,60,04,21
60.0422,Orthopedics/Orthopedic Surgery.,main,60,04,22
60.0423,Otolaryngology.,main,60,04,23
60.0424,Pathology.,main,60,04,24
60.0425,Pediatrics.,main,60,04,25
60.0426,Physical and Rehabilitation Medicine.,main,60,04,26
60.0427,Plastic Surgery.,main,60,04,27
60.0428,Psychiatry.,main,60,04,28
60.0429,Public Health and General Preventive Medicine Residency Program.,main,60,04,29
60.0430,Radiation Oncology.,main,60,04,30
60.0431,Radiologic Physics Residency Program.,main,60,04,31
60.0432,Thoracic Surgery.,main,60,04,32
60.0433,Urology.,main,60,04,33
60.0434,Vascular Surgery.,main,60,04,34
60.0501,Addiction Psychiatry Residency Program.,main,60,05,01
60.0502,Adolescent Medicine Residency Program.,main,60,05,02
60.0503,Blood Banking.,main,60,05,03
60.0504,Cardiology.,main,60,05,04
60.0505,Chemical Pathology.,main,60,05,05
60.0506,Child Abuse Pediatrics Residency Program.,main,60,05,06
60.0507,Child Psychiatry.,main,60,05,07
60.0508,Clinical Cardiac Electrophysiology Residency Program.,main,60,05,08
60.0509,Clinical Neurophysiology Residency Program.,main,60,05,09
60.0510,Congenital Cardiac Surgery Residency Program.,main,60,05,10
60.0511,Critical Care Medicine.,main,60,05,11
60.0512,Cytopathology.,main,60,05,12
60.0513,Dermatopathology.,main,60,05,13
60.0514,Developmental-Behavioral Pediatrics Residency Program.,main,60,05,14
60.0515,Diagnostic Radiologic Physics Residency Program.,main,60,05,15
60.0516,Endocrinology and Metabolism.,main,60,05,16
60.0517,Forensic Pathology.,main,60,05,17
60.0518,Forensic Psychiatry Residency Program.,main,60,05,18
60.0519,Gastroenterology.,main,60,05,19
60.0520,Geriatric Medicine.,main,60,05,20
60.0521,Geriatric Psychiatry Residency Program.,main,60,05,21
60.0522,Gynecologic Oncology Residency Program.,main,60,05,22
60.0523,Hematological Pathology.,main,60,05,23
60.0524,Hematology.,main,60,05,24
60.0525,Hospice and Palliative Medicine Residency Program.,main,60,05,25
60.0526,Immunopathology.,main,60,05,26
60.0527,Infectious Disease.,main,60,05,27
60.0528,Interventional Cardiology Residency Program.,main,60,05,28
60.0529,Laboratory Medicine.,main,60,05,29
60.0530,Maternal and Fetal Medicine Residency Program.,main,60,05,30
60.0531,Medical Biochemical Genetics Residency Program.,main,60,05,31
60.0532,Medical Microbiology Residency Program.,main,60,05,32
60.0533,Medical Nuclear Physics Residency Program.,main,60,05,33
60.0534,Oncology.,main,60,05,34
60.0535,Medical Toxicology Residency Program.,main,60,05,35
60.0536,Molecular Genetic Pathology Residency Program.,main,60,05,36
60.0537,Musculoskeletal Oncology.,main,60,05,37
60.0538,Neonatal-Perinatal Medicine.,main,60,05,38
60.0539,Nephrology.,main,60,05,39
60.0540,Neurodevelopmental Disabilities Residency Program.,main,60,05,40
60.0541,Neuromuscular Medicine Residency Program.,main,60,05,41
60.0542,Neuropathology.,main,60,05,42
60.0543,Neuroradiology Residency Program.,main,60,05,43
60.0544,Neurotology Residency Program.,main,60,05,44
60.0545,Nuclear Radiology.,main,60,05,45
60.0546,Orthopedic Sports Medicine Residency Program.,main,60,05,46
60.0547,Orthopedic Surgery of the Spine.,main,60,05,47
60.0548,Pain Medicine Residency Program.,main,60,05,48
60.0549,Pediatric Cardiology.,main,60,05,49
60.0550,Pediatric Critical Care Medicine Residency Program.,main,60,05,50
60.0551,Pediatric Dermatology Residency Program.,main,60,05,51
60.0552,Pediatric Emergency Medicine Residency Program.,main,60,05,52
60.0553,Pediatric Endocrinology.,main,60,05,53
60.0554,Pediatric Gastroenterology Residency Program.,main,60,05,54
60.0555,Pediatric Hemato-Oncology.,main,60,05,55
60.0556,Pediatric Infectious Diseases Residency Program.,main,60,05,56
60.0557,Pediatric Nephrology.,main,60,05,57
60.0558,Pediatric Orthopedics.,main,60,05,58
60.0559,Pediatric Otolaryngology Residency Program.,main,60,05,59
60.0560,Pediatric Pathology Residency Program.,main,60,05,60
60.0561,Pediatric Pulmonology Residency Program.,main,60,05,61
60.0562,Pediatric Radiology Residency Program.,main,60,05,62
60.0563,Pediatric Rehabilitation Medicine Residency Program.,main,60,05,63
60.0564,Pediatric Rheumatology Residency Program.,main,60,05,64
60.0565,Pediatric Surgery.,main,60,05,65
60.0566,Pediatric Transplant Hepatology Residency Program.,main,60,05,66
60.0567,Pediatric Urology.,main,60,05,67
60.0568,Physical Medicine and Rehabilitation/Psychiatry.,main,60,05,68
60.0569,Plastic Surgery Within the Head and Neck Residency Program.,main,60,05,69
60.0570,Psychosomatic Medicine Residency Program.,main,60,05,70
60.0571,Pulmonary Disease.,main,60,05,71
60.0572,Radioisotopic Pathology.,main,60,05,72
60.0573,Reproductive Endocrinology/Infertility Residency Program.,main,60,05,73
60.0574,Rheumatology.,main,60,05,74
60.0575,Sleep Medicine Residency Program.,main,60,05,75
60.0576,Spinal Cord Injury Medicine Residency Program.,main,60,05,76
60.0577,Sports Medicine.,main,60,05,77
60.0578,Hand Surgery.,main,60,05,78
60.0579,Critical Care Surgery.,main,60,05,79
60.0580,Therapeutic Radiologic Physics Residency Program.,main,60,05,80
60.0581,Transplant Hepatology Residency Program.,main,60,05,81
60.0582,Undersea and Hyperbaric Medicine Residency Program.,main,60,05,82
60.0583,Vascular and Interventional Radiology Residency Program.,main,60,05,83
60.0584,Vascular Neurology Residency Program.,main,60,05,84
60.0601,Podiatric Medicine and Surgery - 24 Residency Program.,main,60,06,01
60.0602,Podiatric Medicine and Surgery - 36 Residency Program.,main,60,06,02
